country_region_code,country_region,sub_region_1,date,retail_and_recreation_percent_change_from_baseline,grocery_and_pharmacy_percent_change_from_baseline,parks_percent_change_from_baseline,transit_stations_percent_change_from_baseline,workplaces_percent_change_from_baseline,residential_percent_change_from_baseline
IN,India,Delhi,2020-02-15,1.0,2.0,8.0,6.0,4.0,0.0
IN,India,Delhi,2020-02-16,2.0,3.0,9.0,6.0,2.0,0.0
IN,India,Delhi,2020-02-17,0.0,2.0,12.0,2.0,1.0,0.0
IN,India,Delhi,2020-02-18,0.0,3.0,13.0,3.0,3.0,0.0
IN,India,Delhi,2020-02-19,-1.0,3.0,10.0,2.0,3.0,0.0
IN,India,Delhi,2020-02-20,0.0,2.0,8.0,4.0,4.0,0.0
IN,India,Delhi,2020-02-21,-7.0,-5.0,1.0,-8.0,-14.0,6.0
IN,India,Delhi,2020-02-22,0.0,-2.0,7.0,0.0,1.0,1.0
IN,India,Delhi,2020-02-23,0.0,1.0,5.0,3.0,4.0,0.0
IN,India,Delhi,2020-02-24,-1.0,-2.0,10.0,2.0,2.0,0.0
IN,India,Delhi,2020-02-25,-5.0,-7.0,6.0,-2.0,-3.0,2.0
IN,India,Delhi,2020-02-26,-8.0,-7.0,0.0,-7.0,-5.0,2.0
IN,India,Delhi,2020-02-27,-5.0,-6.0,2.0,-5.0,-1.0,1.0
IN,India,Delhi,2020-02-28,-4.0,-4.0,4.0,-4.0,0.0,1.0
IN,India,Delhi,2020-02-29,-13.0,-15.0,-12.0,-5.0,5.0,2.0
IN,India,Delhi,2020-03-01,-5.0,0.0,-4.0,-3.0,3.0,2.0
IN,India,Delhi,2020-03-02,-3.0,-1.0,4.0,-5.0,0.0,2.0
IN,India,Delhi,2020-03-03,-2.0,1.0,8.0,-2.0,4.0,0.0
IN,India,Delhi,2020-03-04,-5.0,0.0,1.0,-3.0,3.0,1.0
IN,India,Delhi,2020-03-05,-8.0,-5.0,-5.0,-4.0,3.0,1.0
IN,India,Delhi,2020-03-06,-15.0,-14.0,-18.0,-5.0,0.0,3.0
IN,India,Delhi,2020-03-07,-6.0,0.0,-5.0,1.0,6.0,1.0
IN,India,Delhi,2020-03-08,-6.0,2.0,-8.0,-7.0,7.0,1.0
IN,India,Delhi,2020-03-09,-2.0,4.0,-3.0,-20.0,-18.0,5.0
IN,India,Delhi,2020-03-10,-51.0,-56.0,-34.0,-60.0,-79.0,24.0
IN,India,Delhi,2020-03-11,-15.0,-9.0,-9.0,-15.0,-11.0,2.0
IN,India,Delhi,2020-03-12,-10.0,-7.0,-4.0,-10.0,-2.0,1.0
IN,India,Delhi,2020-03-13,-11.0,-5.0,-2.0,-12.0,-2.0,2.0
IN,India,Delhi,2020-03-14,-20.0,-15.0,-15.0,-17.0,-7.0,4.0
IN,India,Delhi,2020-03-15,-15.0,-6.0,-11.0,-15.0,1.0,3.0
IN,India,Delhi,2020-03-16,-10.0,-4.0,2.0,-13.0,-5.0,2.0
IN,India,Delhi,2020-03-17,-12.0,-2.0,0.0,-17.0,-8.0,3.0
IN,India,Delhi,2020-03-18,-15.0,-1.0,-3.0,-20.0,-10.0,4.0
IN,India,Delhi,2020-03-19,-17.0,0.0,-9.0,-24.0,-12.0,5.0
IN,India,Delhi,2020-03-20,-27.0,-9.0,-16.0,-31.0,-19.0,8.0
IN,India,Delhi,2020-03-21,-44.0,-24.0,-30.0,-40.0,-27.0,10.0
IN,India,Delhi,2020-03-22,-87.0,-83.0,-77.0,-81.0,-68.0,21.0
IN,India,Delhi,2020-03-23,-71.0,-52.0,-58.0,-74.0,-73.0,28.0
IN,India,Delhi,2020-03-24,-80.0,-66.0,-71.0,-82.0,-82.0,32.0
IN,India,Delhi,2020-03-25,-86.0,-76.0,-78.0,-87.0,-85.0,34.0
IN,India,Delhi,2020-03-26,-86.0,-76.0,-78.0,-87.0,-84.0,35.0
IN,India,Delhi,2020-03-27,-86.0,-77.0,-79.0,-87.0,-84.0,36.0
IN,India,Delhi,2020-03-28,-86.0,-77.0,-78.0,-85.0,-80.0,31.0
IN,India,Delhi,2020-03-29,-86.0,-77.0,-79.0,-84.0,-69.0,23.0
IN,India,Delhi,2020-03-30,-83.0,-73.0,-75.0,-86.0,-82.0,34.0
IN,India,Delhi,2020-03-31,-84.0,-74.0,-76.0,-86.0,-83.0,34.0
IN,India,Delhi,2020-04-01,-85.0,-76.0,-77.0,-87.0,-83.0,34.0
IN,India,Delhi,2020-04-02,-85.0,-76.0,-78.0,-88.0,-84.0,36.0
IN,India,Delhi,2020-04-03,-84.0,-73.0,-76.0,-87.0,-82.0,35.0
IN,India,Delhi,2020-04-04,-85.0,-75.0,-77.0,-86.0,-78.0,31.0
IN,India,Delhi,2020-04-05,-86.0,-77.0,-79.0,-86.0,-67.0,23.0
IN,India,Delhi,2020-04-06,-84.0,-73.0,-76.0,-87.0,-84.0,35.0
IN,India,Delhi,2020-04-07,-85.0,-68.0,-73.0,-84.0,-82.0,33.0
IN,India,Delhi,2020-04-08,-86.0,-67.0,-73.0,-84.0,-82.0,34.0
IN,India,Delhi,2020-04-09,-86.0,-67.0,-75.0,-85.0,-83.0,35.0
IN,India,Delhi,2020-04-10,-87.0,-69.0,-76.0,-86.0,-85.0,37.0
IN,India,Delhi,2020-04-11,-88.0,-72.0,-77.0,-85.0,-80.0,32.0
IN,India,Delhi,2020-04-12,-89.0,-74.0,-79.0,-84.0,-69.0,24.0
IN,India,Delhi,2020-04-13,-86.0,-69.0,-76.0,-85.0,-82.0,35.0
IN,India,Delhi,2020-04-14,-87.0,-71.0,-75.0,-85.0,-84.0,34.0
IN,India,Delhi,2020-04-15,-87.0,-68.0,-76.0,-84.0,-81.0,34.0
IN,India,Delhi,2020-04-16,-89.0,-66.0,-98.0,-83.0,-82.0,35.0
IN,India,Delhi,2020-04-17,-90.0,-66.0,-98.0,-83.0,-81.0,36.0
IN,India,Delhi,2020-04-18,-91.0,-71.0,-98.0,-83.0,-78.0,32.0
IN,India,Delhi,2020-04-19,-91.0,-71.0,-98.0,-82.0,-69.0,24.0
IN,India,Delhi,2020-04-20,-90.0,-66.0,-98.0,-83.0,-81.0,35.0
IN,India,Delhi,2020-04-21,-90.0,-68.0,-98.0,-84.0,-82.0,35.0
IN,India,Delhi,2020-04-22,-90.0,-67.0,-98.0,-84.0,-82.0,35.0
IN,India,Delhi,2020-04-23,-90.0,-67.0,-98.0,-84.0,-82.0,36.0
IN,India,Delhi,2020-04-24,-90.0,-66.0,-98.0,-84.0,-81.0,37.0
IN,India,Delhi,2020-04-25,-91.0,-69.0,-98.0,-83.0,-79.0,33.0
IN,India,Delhi,2020-04-26,-91.0,-70.0,-98.0,-82.0,-68.0,25.0
IN,India,Delhi,2020-04-27,-89.0,-65.0,-98.0,-83.0,-80.0,35.0
IN,India,Delhi,2020-04-28,-90.0,-66.0,-98.0,-83.0,-81.0,34.0
IN,India,Delhi,2020-04-29,-89.0,-65.0,-98.0,-82.0,-81.0,35.0
IN,India,Delhi,2020-04-30,-89.0,-66.0,-96.0,-82.0,-81.0,35.0
IN,India,Delhi,2020-05-01,-89.0,-64.0,-96.0,-82.0,-81.0,36.0
IN,India,Delhi,2020-05-02,-89.0,-66.0,-96.0,-81.0,-77.0,32.0
IN,India,Delhi,2020-05-03,-90.0,-68.0,-97.0,-80.0,-67.0,24.0
IN,India,Delhi,2020-05-04,-84.0,-54.0,-95.0,-77.0,-75.0,32.0
IN,India,Delhi,2020-05-05,-85.0,-55.0,-95.0,-77.0,-75.0,32.0
IN,India,Delhi,2020-05-06,-84.0,-52.0,-95.0,-76.0,-73.0,32.0
IN,India,Delhi,2020-05-07,-85.0,-57.0,-95.0,-78.0,-77.0,33.0
IN,India,Delhi,2020-05-08,-83.0,-52.0,-95.0,-76.0,-72.0,32.0
IN,India,Delhi,2020-05-09,-85.0,-57.0,-95.0,-75.0,-70.0,29.0
IN,India,Delhi,2020-05-10,-85.0,-58.0,-96.0,-74.0,-59.0,22.0
IN,India,Delhi,2020-05-11,-82.0,-51.0,-95.0,-75.0,-70.0,31.0
IN,India,Delhi,2020-05-12,-83.0,-53.0,-95.0,-75.0,-71.0,31.0
IN,India,Delhi,2020-05-13,-82.0,-50.0,-94.0,-73.0,-70.0,30.0
IN,India,Delhi,2020-05-14,-82.0,-54.0,-94.0,-74.0,-70.0,30.0
IN,India,Delhi,2020-05-15,-81.0,-48.0,-94.0,-73.0,-68.0,30.0
IN,India,Delhi,2020-05-16,-82.0,-52.0,-94.0,-72.0,-64.0,27.0
IN,India,Delhi,2020-05-17,-83.0,-55.0,-95.0,-71.0,-54.0,21.0
IN,India,Delhi,2020-05-18,-79.0,-46.0,-93.0,-71.0,-63.0,28.0
IN,India,Delhi,2020-05-19,-76.0,-41.0,-92.0,-67.0,-60.0,27.0
IN,India,Delhi,2020-05-20,-74.0,-36.0,-91.0,-65.0,-59.0,26.0
IN,India,Delhi,2020-05-21,-73.0,-37.0,-92.0,-65.0,-58.0,26.0
IN,India,Delhi,2020-05-22,-74.0,-37.0,-91.0,-65.0,-57.0,26.0
IN,India,Delhi,2020-05-23,-75.0,-40.0,-92.0,-65.0,-52.0,24.0
IN,India,Delhi,2020-05-24,-76.0,-41.0,-93.0,-64.0,-43.0,18.0
IN,India,Delhi,2020-05-25,-75.0,-41.0,-92.0,-69.0,-66.0,28.0
IN,India,Delhi,2020-05-26,-73.0,-37.0,-91.0,-63.0,-55.0,24.0
IN,India,Delhi,2020-05-27,-73.0,-35.0,-91.0,-63.0,-55.0,24.0
IN,India,Delhi,2020-05-28,-73.0,-37.0,-91.0,-63.0,-55.0,25.0
IN,India,Delhi,2020-05-29,-73.0,-37.0,-91.0,-64.0,-54.0,26.0
IN,India,Delhi,2020-05-30,-74.0,-37.0,-91.0,-62.0,-46.0,22.0
IN,India,Delhi,2020-05-31,-76.0,-42.0,-93.0,-63.0,-36.0,18.0
IN,India,Delhi,2020-06-01,-68.0,-27.0,-90.0,-59.0,-49.0,22.0
IN,India,Delhi,2020-06-02,-69.0,-28.0,-90.0,-59.0,-50.0,22.0
IN,India,Delhi,2020-06-03,-69.0,-27.0,-90.0,-58.0,-49.0,22.0
IN,India,Delhi,2020-06-04,-69.0,-30.0,-90.0,-59.0,-50.0,23.0
IN,India,Delhi,2020-06-05,-67.0,-28.0,-88.0,-59.0,-49.0,23.0
IN,India,Delhi,2020-06-06,-69.0,-32.0,-89.0,-58.0,-42.0,20.0
IN,India,Delhi,2020-06-07,-70.0,-35.0,-90.0,-58.0,-33.0,16.0
IN,India,Delhi,2020-06-08,-65.0,-27.0,-87.0,-58.0,-47.0,21.0
IN,India,Delhi,2020-06-09,-66.0,-29.0,-88.0,-58.0,-48.0,21.0
IN,India,Delhi,2020-06-10,-65.0,-27.0,-88.0,-57.0,-49.0,21.0
IN,India,Delhi,2020-06-11,-62.0,-26.0,-87.0,-58.0,-49.0,22.0
IN,India,Delhi,2020-06-12,-62.0,-24.0,-86.0,-58.0,-48.0,22.0
IN,India,Delhi,2020-06-13,-65.0,-31.0,-87.0,-57.0,-44.0,20.0
IN,India,Delhi,2020-06-14,-67.0,-34.0,-89.0,-57.0,-31.0,15.0
IN,India,Delhi,2020-06-15,-63.0,-28.0,-86.0,-59.0,-49.0,21.0
IN,India,Delhi,2020-06-16,-64.0,-29.0,-87.0,-59.0,-50.0,21.0
IN,India,Delhi,2020-06-17,-64.0,-28.0,-87.0,-59.0,-50.0,21.0
IN,India,Delhi,2020-06-18,-64.0,-31.0,-87.0,-60.0,-50.0,21.0
IN,India,Delhi,2020-06-19,-64.0,-29.0,-86.0,-60.0,-49.0,22.0
IN,India,Delhi,2020-06-20,-65.0,-32.0,-87.0,-57.0,-41.0,18.0
IN,India,Delhi,2020-06-21,-71.0,-44.0,-90.0,-62.0,-35.0,17.0
IN,India,Delhi,2020-06-22,-61.0,-27.0,-86.0,-58.0,-49.0,20.0
IN,India,Delhi,2020-06-23,-62.0,-27.0,-85.0,-57.0,-50.0,20.0
IN,India,Delhi,2020-06-24,-62.0,-27.0,-85.0,-57.0,-48.0,20.0
IN,India,Delhi,2020-06-25,-62.0,-29.0,-86.0,-58.0,-48.0,20.0
IN,India,Delhi,2020-06-26,-62.0,-27.0,-85.0,-58.0,-47.0,20.0
IN,India,Delhi,2020-06-27,-65.0,-33.0,-87.0,-57.0,-42.0,18.0
IN,India,Delhi,2020-06-28,-66.0,-35.0,-88.0,-57.0,-27.0,13.0
IN,India,Delhi,2020-06-29,-62.0,-29.0,-85.0,-59.0,-47.0,19.0
IN,India,Delhi,2020-06-30,-61.0,-28.0,-83.0,-58.0,-48.0,19.0
IN,India,Delhi,2020-07-01,-60.0,-26.0,-84.0,-57.0,-47.0,18.0
IN,India,Delhi,2020-07-02,-61.0,-28.0,-84.0,-58.0,-47.0,20.0
IN,India,Delhi,2020-07-03,-60.0,-26.0,-84.0,-57.0,-46.0,20.0
IN,India,Delhi,2020-07-04,-61.0,-28.0,-85.0,-55.0,-38.0,17.0
IN,India,Delhi,2020-07-05,-62.0,-30.0,-86.0,-55.0,-28.0,13.0
IN,India,Delhi,2020-07-06,-59.0,-26.0,-82.0,-56.0,-46.0,18.0
IN,India,Delhi,2020-07-07,-58.0,-24.0,-82.0,-55.0,-47.0,18.0
IN,India,Delhi,2020-07-08,-59.0,-25.0,-83.0,-56.0,-45.0,18.0
IN,India,Delhi,2020-07-09,-58.0,-26.0,-83.0,-56.0,-45.0,19.0
IN,India,Delhi,2020-07-10,-58.0,-24.0,-83.0,-56.0,-44.0,18.0
IN,India,Delhi,2020-07-11,-60.0,-29.0,-84.0,-56.0,-41.0,18.0
IN,India,Delhi,2020-07-12,-60.0,-28.0,-85.0,-54.0,-27.0,13.0
IN,India,Delhi,2020-07-13,-57.0,-24.0,-82.0,-56.0,-44.0,18.0
IN,India,Delhi,2020-07-14,-57.0,-24.0,-81.0,-55.0,-45.0,17.0
IN,India,Delhi,2020-07-15,-56.0,-22.0,-80.0,-54.0,-44.0,17.0
IN,India,Delhi,2020-07-16,-56.0,-24.0,-81.0,-54.0,-44.0,18.0
IN,India,Delhi,2020-07-17,-56.0,-23.0,-80.0,-54.0,-43.0,18.0
IN,India,Delhi,2020-07-18,-56.0,-25.0,-81.0,-52.0,-36.0,16.0
IN,India,Delhi,2020-07-19,-59.0,-29.0,-84.0,-54.0,-28.0,13.0
IN,India,Delhi,2020-07-20,-54.0,-20.0,-78.0,-53.0,-43.0,16.0
IN,India,Delhi,2020-07-21,-56.0,-24.0,-80.0,-54.0,-45.0,17.0
IN,India,Delhi,2020-07-22,-56.0,-25.0,-80.0,-54.0,-45.0,18.0
IN,India,Delhi,2020-07-23,-53.0,-20.0,-80.0,-52.0,-43.0,17.0
IN,India,Delhi,2020-07-24,-55.0,-20.0,-80.0,-52.0,-42.0,17.0
IN,India,Delhi,2020-07-25,-55.0,-22.0,-80.0,-51.0,-37.0,16.0
IN,India,Delhi,2020-07-26,-55.0,-23.0,-82.0,-50.0,-25.0,12.0
IN,India,Delhi,2020-07-27,-53.0,-19.0,-78.0,-52.0,-43.0,16.0
IN,India,Delhi,2020-07-28,-53.0,-18.0,-78.0,-51.0,-43.0,16.0
IN,India,Delhi,2020-07-29,-53.0,-19.0,-79.0,-51.0,-43.0,16.0
IN,India,Delhi,2020-07-30,-50.0,-15.0,-76.0,-50.0,-43.0,16.0
IN,India,Delhi,2020-07-31,-49.0,-12.0,-76.0,-49.0,-42.0,15.0
IN,India,Delhi,2020-08-01,-54.0,-20.0,-78.0,-52.0,-44.0,16.0
IN,India,Delhi,2020-08-02,-45.0,-7.0,-79.0,-45.0,-25.0,9.0
IN,India,Delhi,2020-08-03,-53.0,-25.0,-77.0,-54.0,-66.0,15.0
IN,India,Delhi,2020-08-04,-53.0,-22.0,-75.0,-52.0,-44.0,14.0
IN,India,Delhi,2020-08-05,-51.0,-22.0,-76.0,-52.0,-43.0,14.0
IN,India,Delhi,2020-08-06,-50.0,-21.0,-76.0,-52.0,-42.0,15.0
IN,India,Delhi,2020-08-07,-49.0,-19.0,-75.0,-51.0,-41.0,15.0
IN,India,Delhi,2020-08-08,-50.0,-22.0,-75.0,-50.0,-37.0,14.0
IN,India,Delhi,2020-08-09,-50.0,-23.0,-79.0,-48.0,-26.0,10.0
IN,India,Delhi,2020-08-10,-47.0,-17.0,-73.0,-48.0,-42.0,14.0
IN,India,Delhi,2020-08-11,-47.0,-16.0,-72.0,-49.0,-44.0,14.0
IN,India,Delhi,2020-08-12,-50.0,-21.0,-75.0,-55.0,-54.0,18.0
IN,India,Delhi,2020-08-13,-52.0,-30.0,-78.0,-55.0,-48.0,18.0
IN,India,Delhi,2020-08-14,-41.0,-10.0,-73.0,-46.0,-41.0,13.0
IN,India,Delhi,2020-08-15,-65.0,-46.0,-78.0,-63.0,-71.0,22.0
IN,India,Delhi,2020-08-16,-47.0,-20.0,-77.0,-46.0,-24.0,9.0
IN,India,Delhi,2020-08-17,-47.0,-20.0,-72.0,-46.0,-41.0,13.0
IN,India,Delhi,2020-08-18,-46.0,-16.0,-71.0,-46.0,-41.0,13.0
IN,India,Delhi,2020-08-19,-53.0,-29.0,-77.0,-52.0,-46.0,17.0
IN,India,Delhi,2020-08-20,-48.0,-21.0,-77.0,-49.0,-43.0,16.0
IN,India,Delhi,2020-08-21,-44.0,-14.0,-71.0,-45.0,-40.0,13.0
IN,India,Delhi,2020-08-22,-45.0,-18.0,-71.0,-45.0,-35.0,12.0
IN,India,Delhi,2020-08-23,-45.0,-19.0,-73.0,-43.0,-25.0,9.0
IN,India,Delhi,2020-08-24,-44.0,-17.0,-69.0,-46.0,-40.0,13.0
IN,India,Delhi,2020-08-25,-45.0,-16.0,-68.0,-45.0,-41.0,13.0
IN,India,Delhi,2020-08-26,-45.0,-17.0,-70.0,-45.0,-40.0,12.0
IN,India,Delhi,2020-08-27,-45.0,-18.0,-70.0,-46.0,-40.0,13.0
IN,India,Delhi,2020-08-28,-48.0,-21.0,-71.0,-47.0,-40.0,14.0
IN,India,Delhi,2020-08-29,-45.0,-17.0,-70.0,-43.0,-32.0,11.0
IN,India,Delhi,2020-08-30,-47.0,-19.0,-72.0,-43.0,-25.0,8.0
IN,India,Delhi,2020-08-31,-42.0,-14.0,-67.0,-44.0,-40.0,12.0
IN,India,Delhi,2020-09-01,-43.0,-14.0,-67.0,-44.0,-41.0,12.0
IN,India,Delhi,2020-09-02,-45.0,-17.0,-68.0,-45.0,-40.0,12.0
IN,India,Delhi,2020-09-03,-45.0,-19.0,-67.0,-47.0,-40.0,13.0
IN,India,Delhi,2020-09-04,-45.0,-17.0,-67.0,-46.0,-39.0,13.0
IN,India,Delhi,2020-09-05,-49.0,-26.0,-70.0,-44.0,-32.0,11.0
IN,India,Delhi,2020-09-06,-45.0,-17.0,-69.0,-40.0,-26.0,9.0
IN,India,Delhi,2020-09-07,-44.0,-17.0,-65.0,-43.0,-41.0,12.0
IN,India,Delhi,2020-09-08,-43.0,-15.0,-64.0,-43.0,-41.0,12.0
IN,India,Delhi,2020-09-09,-45.0,-16.0,-66.0,-43.0,-40.0,12.0
IN,India,Delhi,2020-09-10,-44.0,-17.0,-66.0,-43.0,-40.0,13.0
IN,India,Delhi,2020-09-11,-42.0,-16.0,-65.0,-43.0,-39.0,13.0
IN,India,Delhi,2020-09-12,-44.0,-20.0,-66.0,-42.0,-35.0,12.0
IN,India,Delhi,2020-09-13,-44.0,-21.0,-68.0,-39.0,-25.0,8.0
IN,India,Delhi,2020-09-14,-41.0,-18.0,-64.0,-42.0,-38.0,13.0
IN,India,Delhi,2020-09-15,-41.0,-17.0,-63.0,-41.0,-38.0,13.0
IN,India,Delhi,2020-09-16,-42.0,-17.0,-64.0,-41.0,-38.0,13.0
IN,India,Delhi,2020-09-17,-41.0,-20.0,-65.0,-44.0,-39.0,14.0
IN,India,Delhi,2020-09-18,-40.0,-16.0,-65.0,-41.0,-37.0,14.0
IN,India,Delhi,2020-09-19,-42.0,-20.0,-66.0,-38.0,-29.0,11.0
IN,India,Delhi,2020-09-20,-42.0,-19.0,-67.0,-37.0,-21.0,9.0
IN,India,Delhi,2020-09-21,-39.0,-17.0,-63.0,-40.0,-39.0,13.0
IN,India,Delhi,2020-09-22,-41.0,-18.0,-63.0,-38.0,-39.0,13.0
IN,India,Delhi,2020-09-23,-42.0,-16.0,-65.0,-37.0,-37.0,13.0
IN,India,Delhi,2020-09-24,-43.0,-18.0,-66.0,-39.0,-37.0,14.0
IN,India,Delhi,2020-09-25,-42.0,-15.0,-65.0,-38.0,-36.0,14.0
IN,India,Delhi,2020-09-26,-43.0,-17.0,-65.0,-35.0,-29.0,12.0
IN,India,Delhi,2020-09-27,-43.0,-18.0,-67.0,-32.0,-21.0,9.0
IN,India,Delhi,2020-09-28,-42.0,-16.0,-63.0,-36.0,-37.0,13.0
IN,India,Delhi,2020-09-29,-42.0,-15.0,-62.0,-36.0,-37.0,13.0
IN,India,Delhi,2020-09-30,-42.0,-12.0,-62.0,-34.0,-36.0,12.0
IN,India,Delhi,2020-10-01,-41.0,-10.0,-60.0,-33.0,-35.0,11.0
IN,India,Delhi,2020-10-02,-49.0,-19.0,-60.0,-48.0,-71.0,22.0
IN,India,Delhi,2020-10-03,-42.0,-12.0,-59.0,-29.0,-27.0,9.0
IN,India,Delhi,2020-10-04,-42.0,-13.0,-61.0,-26.0,-19.0,6.0
IN,India,Delhi,2020-10-05,-40.0,-10.0,-56.0,-31.0,-36.0,11.0
IN,India,Delhi,2020-10-06,-40.0,-10.0,-55.0,-31.0,-36.0,11.0
IN,India,Delhi,2020-10-07,-40.0,-10.0,-58.0,-31.0,-35.0,11.0
IN,India,Delhi,2020-10-08,-39.0,-12.0,-60.0,-33.0,-34.0,12.0
IN,India,Delhi,2020-10-09,-38.0,-9.0,-60.0,-33.0,-33.0,12.0
IN,India,Delhi,2020-10-10,-40.0,-13.0,-60.0,-30.0,-28.0,10.0
IN,India,Delhi,2020-10-11,-39.0,-12.0,-62.0,-26.0,-17.0,7.0
IN,India,Delhi,2020-10-12,-38.0,-11.0,-58.0,-31.0,-34.0,11.0
IN,India,Delhi,2020-10-13,-37.0,-10.0,-57.0,-30.0,-35.0,11.0
IN,India,Delhi,2020-10-14,-36.0,-7.0,-58.0,-29.0,-33.0,11.0
IN,India,Delhi,2020-10-15,-35.0,-7.0,-59.0,-28.0,-33.0,12.0
IN,India,Delhi,2020-10-16,-32.0,3.0,-58.0,-27.0,-32.0,12.0
IN,India,Delhi,2020-10-17,-43.0,-12.0,-63.0,-30.0,-24.0,11.0
IN,India,Delhi,2020-10-18,-39.0,-11.0,-62.0,-25.0,-16.0,8.0
IN,India,Delhi,2020-10-19,-39.0,-10.0,-59.0,-30.0,-33.0,12.0
IN,India,Delhi,2020-10-20,-37.0,-8.0,-58.0,-29.0,-34.0,11.0
IN,India,Delhi,2020-10-21,-38.0,-9.0,-58.0,-30.0,-33.0,11.0
IN,India,Delhi,2020-10-22,-35.0,-7.0,-57.0,-31.0,-33.0,11.0
IN,India,Delhi,2020-10-23,-36.0,-3.0,-58.0,-32.0,-33.0,12.0
IN,India,Delhi,2020-10-24,-37.0,-10.0,-60.0,-31.0,-28.0,10.0
IN,India,Delhi,2020-10-25,-36.0,-9.0,-59.0,-26.0,-21.0,7.0
IN,India,Delhi,2020-10-26,-32.0,-4.0,-56.0,-30.0,-34.0,10.0
IN,India,Delhi,2020-10-27,-33.0,-5.0,-55.0,-29.0,-33.0,10.0
IN,India,Delhi,2020-10-28,-34.0,-6.0,-56.0,-29.0,-32.0,10.0
IN,India,Delhi,2020-10-29,-34.0,-9.0,-57.0,-31.0,-32.0,10.0
IN,India,Delhi,2020-10-30,-36.0,-6.0,-58.0,-36.0,-40.0,13.0
IN,India,Delhi,2020-10-31,-38.0,-11.0,-59.0,-30.0,-24.0,9.0
IN,India,Delhi,2020-11-01,-33.0,-6.0,-59.0,-23.0,-13.0,6.0
IN,India,Delhi,2020-11-02,-32.0,-3.0,-56.0,-29.0,-32.0,10.0
IN,India,Delhi,2020-11-03,-27.0,3.0,-53.0,-28.0,-32.0,10.0
IN,India,Delhi,2020-11-04,-36.0,-11.0,-59.0,-36.0,-35.0,13.0
IN,India,Delhi,2020-11-05,-35.0,-10.0,-57.0,-32.0,-32.0,12.0
IN,India,Delhi,2020-11-06,-35.0,-5.0,-56.0,-31.0,-31.0,11.0
IN,India,Delhi,2020-11-07,-34.0,-6.0,-57.0,-26.0,-20.0,9.0
IN,India,Delhi,2020-11-08,-34.0,-5.0,-58.0,-21.0,-12.0,7.0
IN,India,Delhi,2020-11-09,-33.0,-4.0,-55.0,-30.0,-31.0,10.0
IN,India,Delhi,2020-11-10,-30.0,-2.0,-54.0,-28.0,-32.0,10.0
IN,India,Delhi,2020-11-11,-29.0,4.0,-55.0,-26.0,-31.0,10.0
IN,India,Delhi,2020-11-12,-23.0,12.0,-55.0,-25.0,-31.0,10.0
IN,India,Delhi,2020-11-13,-21.0,19.0,-55.0,-26.0,-34.0,11.0
IN,India,Delhi,2020-11-14,-44.0,-12.0,-65.0,-45.0,-53.0,19.0
IN,India,Delhi,2020-11-15,-47.0,-26.0,-67.0,-40.0,-36.0,11.0
IN,India,Delhi,2020-11-16,-35.0,-11.0,-58.0,-37.0,-56.0,12.0
IN,India,Delhi,2020-11-17,-37.0,-12.0,-57.0,-32.0,-37.0,9.0
IN,India,Delhi,2020-11-18,-37.0,-10.0,-58.0,-31.0,-34.0,10.0
IN,India,Delhi,2020-11-19,-37.0,-11.0,-58.0,-33.0,-34.0,11.0
IN,India,Delhi,2020-11-20,-38.0,-10.0,-59.0,-36.0,-38.0,13.0
IN,India,Delhi,2020-11-21,-40.0,-15.0,-60.0,-31.0,-25.0,9.0
IN,India,Delhi,2020-11-22,-38.0,-13.0,-59.0,-25.0,-16.0,6.0
IN,India,Delhi,2020-11-23,-38.0,-13.0,-57.0,-34.0,-35.0,10.0
IN,India,Delhi,2020-11-24,-39.0,-12.0,-57.0,-33.0,-36.0,10.0
IN,India,Delhi,2020-11-25,-38.0,-13.0,-58.0,-33.0,-36.0,10.0
IN,India,Delhi,2020-11-26,-38.0,-14.0,-58.0,-34.0,-36.0,10.0
IN,India,Delhi,2020-11-27,-37.0,-12.0,-58.0,-34.0,-35.0,11.0
IN,India,Delhi,2020-11-28,-40.0,-16.0,-59.0,-32.0,-26.0,9.0
IN,India,Delhi,2020-11-29,-39.0,-15.0,-60.0,-28.0,-15.0,6.0
IN,India,Delhi,2020-11-30,-38.0,-14.0,-56.0,-39.0,-48.0,13.0
IN,India,Delhi,2020-12-01,-37.0,-12.0,-54.0,-32.0,-35.0,9.0
IN,India,Delhi,2020-12-02,-38.0,-12.0,-43.0,-33.0,-33.0,10.0
IN,India,Delhi,2020-12-03,-37.0,-14.0,-44.0,-34.0,-32.0,11.0
IN,India,Delhi,2020-12-04,-37.0,-12.0,-44.0,-34.0,-31.0,11.0
IN,India,Delhi,2020-12-05,-38.0,-15.0,-45.0,-30.0,-22.0,8.0
IN,India,Delhi,2020-12-06,-37.0,-15.0,-43.0,-26.0,-15.0,5.0
IN,India,Delhi,2020-12-07,-36.0,-13.0,-40.0,-31.0,-35.0,8.0
IN,India,Delhi,2020-12-08,-42.0,-22.0,-45.0,-42.0,-38.0,12.0
IN,India,Delhi,2020-12-09,-38.0,-14.0,-44.0,-29.0,-33.0,8.0
IN,India,Delhi,2020-12-10,-36.0,-14.0,-46.0,-29.0,-34.0,9.0
IN,India,Delhi,2020-12-11,-37.0,-13.0,-47.0,-29.0,-33.0,10.0
IN,India,Delhi,2020-12-12,-40.0,-18.0,-52.0,-30.0,-26.0,9.0
IN,India,Delhi,2020-12-13,-38.0,-15.0,-48.0,-22.0,-14.0,6.0
IN,India,Delhi,2020-12-14,-38.0,-15.0,-48.0,-30.0,-32.0,11.0
IN,India,Delhi,2020-12-15,-37.0,-13.0,-46.0,-29.0,-32.0,11.0
IN,India,Delhi,2020-12-16,-38.0,-12.0,-48.0,-28.0,-30.0,11.0
IN,India,Delhi,2020-12-17,-37.0,-13.0,-50.0,-30.0,-30.0,12.0
IN,India,Delhi,2020-12-18,-37.0,-9.0,-49.0,-29.0,-29.0,12.0
IN,India,Delhi,2020-12-19,-37.0,-13.0,-50.0,-25.0,-19.0,9.0
IN,India,Delhi,2020-12-20,-35.0,-10.0,-46.0,-19.0,-12.0,7.0
IN,India,Delhi,2020-12-21,-35.0,-11.0,-45.0,-28.0,-30.0,11.0
IN,India,Delhi,2020-12-22,-36.0,-12.0,-45.0,-28.0,-30.0,11.0
IN,India,Delhi,2020-12-23,-35.0,-10.0,-46.0,-26.0,-29.0,10.0
IN,India,Delhi,2020-12-24,-31.0,-7.0,-46.0,-24.0,-29.0,10.0
IN,India,Delhi,2020-12-25,-22.0,-3.0,-41.0,-30.0,-45.0,14.0
IN,India,Delhi,2020-12-26,-40.0,-18.0,-50.0,-28.0,-22.0,10.0
IN,India,Delhi,2020-12-27,-38.0,-17.0,-47.0,-21.0,-10.0,6.0
IN,India,Delhi,2020-12-28,-35.0,-12.0,-45.0,-27.0,-30.0,11.0
IN,India,Delhi,2020-12-29,-36.0,-13.0,-44.0,-27.0,-30.0,11.0
IN,India,Delhi,2020-12-30,-35.0,-11.0,-47.0,-26.0,-29.0,11.0
IN,India,Delhi,2020-12-31,-24.0,-1.0,-45.0,-24.0,-29.0,10.0
IN,India,Delhi,2021-01-01,-28.0,-9.0,-43.0,-28.0,-40.0,13.0
IN,India,Delhi,2021-01-02,-42.0,-19.0,-54.0,-29.0,-21.0,10.0
IN,India,Delhi,2021-01-03,-48.0,-28.0,-61.0,-30.0,-19.0,10.0
IN,India,Delhi,2021-01-04,-43.0,-25.0,-54.0,-28.0,-29.0,11.0
IN,India,Delhi,2021-01-05,-39.0,-17.0,-52.0,-29.0,-31.0,11.0
IN,India,Delhi,2021-01-06,-37.0,-13.0,-45.0,-26.0,-28.0,11.0
IN,India,Delhi,2021-01-07,-34.0,-11.0,-41.0,-26.0,-26.0,10.0
IN,India,Delhi,2021-01-08,-35.0,-10.0,-42.0,-26.0,-26.0,10.0
IN,India,Delhi,2021-01-09,-35.0,-13.0,-41.0,-24.0,-21.0,8.0
IN,India,Delhi,2021-01-10,-34.0,-12.0,-39.0,-18.0,-10.0,5.0
IN,India,Delhi,2021-01-11,-35.0,-11.0,-38.0,-26.0,-28.0,10.0
IN,India,Delhi,2021-01-12,-35.0,-11.0,-37.0,-26.0,-29.0,9.0
IN,India,Delhi,2021-01-13,-37.0,-10.0,-39.0,-27.0,-30.0,8.0
IN,India,Delhi,2021-01-14,-40.0,-21.0,-44.0,-35.0,-35.0,8.0
IN,India,Delhi,2021-01-15,-41.0,-19.0,-45.0,-34.0,-34.0,8.0
IN,India,Delhi,2021-01-16,-42.0,-22.0,-45.0,-30.0,-25.0,5.0
IN,India,Delhi,2021-01-17,-40.0,-20.0,-44.0,-25.0,-21.0,4.0
IN,India,Delhi,2021-01-18,-39.0,-17.0,-40.0,-31.0,-33.0,8.0
IN,India,Delhi,2021-01-19,-39.0,-18.0,-37.0,-30.0,-32.0,8.0
IN,India,Delhi,2021-01-20,-38.0,-15.0,-39.0,-28.0,-31.0,8.0
IN,India,Delhi,2021-01-21,-37.0,-15.0,-38.0,-29.0,-30.0,9.0
IN,India,Delhi,2021-01-22,-37.0,-14.0,-39.0,-28.0,-28.0,9.0
IN,India,Delhi,2021-01-23,-38.0,-17.0,-39.0,-24.0,-22.0,7.0
IN,India,Delhi,2021-01-24,-40.0,-20.0,-44.0,-25.0,-14.0,5.0
IN,India,Delhi,2021-01-25,-36.0,-14.0,-37.0,-30.0,-33.0,9.0
IN,India,Delhi,2021-01-26,-59.0,-46.0,-40.0,-56.0,-78.0,23.0
IN,India,Delhi,2021-01-27,-41.0,-17.0,-39.0,-31.0,-30.0,8.0
IN,India,Delhi,2021-01-28,-38.0,-15.0,-37.0,-28.0,-28.0,9.0
IN,India,Delhi,2021-01-29,-35.0,-8.0,-37.0,-26.0,-27.0,9.0
IN,India,Delhi,2021-01-30,-34.0,-7.0,-37.0,-21.0,-16.0,5.0
IN,India,Delhi,2021-01-31,-34.0,-5.0,-36.0,-17.0,-11.0,4.0
IN,India,Delhi,2021-02-01,-33.0,-5.0,-32.0,-22.0,-29.0,7.0
IN,India,Delhi,2021-02-02,-32.0,-3.0,-31.0,-21.0,-28.0,7.0
IN,India,Delhi,2021-02-03,-33.0,-3.0,-34.0,-23.0,-27.0,7.0
IN,India,Delhi,2021-02-04,-36.0,-11.0,-41.0,-27.0,-27.0,8.0
IN,India,Delhi,2021-02-05,-31.0,1.0,-35.0,-23.0,-25.0,7.0
IN,India,Delhi,2021-02-06,-34.0,-5.0,-38.0,-23.0,-17.0,6.0
IN,India,Delhi,2021-02-07,-29.0,-1.0,-32.0,-12.0,-13.0,3.0
IN,India,Delhi,2021-02-08,-31.0,-1.0,-32.0,-20.0,-27.0,6.0
IN,India,Delhi,2021-02-09,-29.0,2.0,-30.0,-19.0,-27.0,6.0
IN,India,Delhi,2021-02-10,-30.0,2.0,-31.0,-19.0,-26.0,6.0
IN,India,Delhi,2021-02-11,-30.0,0.0,-30.0,-20.0,-25.0,7.0
IN,India,Delhi,2021-02-12,-29.0,1.0,-30.0,-19.0,-25.0,6.0
IN,India,Delhi,2021-02-13,-29.0,-3.0,-30.0,-16.0,-22.0,5.0
IN,India,Delhi,2021-02-14,-23.0,1.0,-25.0,-7.0,-12.0,1.0
IN,India,Delhi,2021-02-15,-28.0,-1.0,-25.0,-17.0,-28.0,5.0
IN,India,Delhi,2021-02-16,-28.0,-3.0,-20.0,-15.0,-31.0,4.0
IN,India,Delhi,2021-02-17,-31.0,-3.0,-27.0,-17.0,-27.0,5.0
IN,India,Delhi,2021-02-18,-30.0,-3.0,-28.0,-18.0,-25.0,7.0
IN,India,Delhi,2021-02-19,-29.0,1.0,-28.0,-16.0,-24.0,7.0
IN,India,Delhi,2021-02-20,-29.0,-2.0,-28.0,-11.0,-15.0,4.0
IN,India,Delhi,2021-02-21,-28.0,-1.0,-25.0,-8.0,-12.0,2.0
IN,India,Delhi,2021-02-22,-30.0,-2.0,-25.0,-17.0,-26.0,6.0
IN,India,Delhi,2021-02-23,-30.0,-1.0,-23.0,-17.0,-25.0,6.0
IN,India,Delhi,2021-02-24,-30.0,0.0,-26.0,-16.0,-24.0,6.0
IN,India,Delhi,2021-02-25,-29.0,-1.0,-27.0,-17.0,-24.0,6.0
IN,India,Delhi,2021-02-26,-28.0,2.0,-27.0,-16.0,-24.0,7.0
IN,India,Delhi,2021-02-27,-30.0,-1.0,-27.0,-13.0,-17.0,4.0
IN,India,Delhi,2021-02-28,-26.0,2.0,-26.0,-5.0,-8.0,2.0
IN,India,Delhi,2021-03-01,-28.0,2.0,-23.0,-15.0,-25.0,6.0
IN,India,Delhi,2021-03-02,-28.0,3.0,-22.0,-14.0,-24.0,6.0
IN,India,Delhi,2021-03-03,-28.0,3.0,-23.0,-14.0,-23.0,6.0
IN,India,Delhi,2021-03-04,-28.0,2.0,-24.0,-16.0,-23.0,7.0
IN,India,Delhi,2021-03-05,-27.0,6.0,-24.0,-14.0,-22.0,7.0
IN,India,Delhi,2021-03-06,-26.0,3.0,-25.0,-9.0,-13.0,4.0
IN,India,Delhi,2021-03-07,-25.0,5.0,-23.0,-6.0,-10.0,3.0
IN,India,Delhi,2021-03-08,-28.0,3.0,-21.0,-15.0,-24.0,6.0
IN,India,Delhi,2021-03-09,-28.0,2.0,-21.0,-14.0,-24.0,6.0
IN,India,Delhi,2021-03-10,-26.0,7.0,-20.0,-12.0,-22.0,5.0
IN,India,Delhi,2021-03-11,-30.0,2.0,-24.0,-21.0,-32.0,9.0
IN,India,Delhi,2021-03-12,-27.0,4.0,-27.0,-14.0,-22.0,7.0
IN,India,Delhi,2021-03-13,-26.0,3.0,-24.0,-11.0,-19.0,5.0
IN,India,Delhi,2021-03-14,-26.0,4.0,-23.0,-4.0,-10.0,2.0
IN,India,Delhi,2021-03-15,-26.0,2.0,-17.0,-12.0,-25.0,5.0
IN,India,Delhi,2021-03-16,-29.0,2.0,-20.0,-14.0,-24.0,5.0
IN,India,Delhi,2021-03-17,-29.0,4.0,-22.0,-13.0,-21.0,6.0
IN,India,Delhi,2021-03-18,-28.0,2.0,-22.0,-13.0,-21.0,6.0
IN,India,Delhi,2021-03-19,-26.0,6.0,-22.0,-12.0,-20.0,6.0
IN,India,Delhi,2021-03-20,-27.0,2.0,-24.0,-8.0,-10.0,4.0
IN,India,Delhi,2021-03-21,-25.0,4.0,-23.0,-4.0,-7.0,3.0
IN,India,Delhi,2021-03-22,-27.0,3.0,-19.0,-13.0,-22.0,6.0
IN,India,Delhi,2021-03-23,-27.0,3.0,-19.0,-12.0,-22.0,6.0
IN,India,Delhi,2021-03-24,-26.0,5.0,-21.0,-12.0,-21.0,6.0
IN,India,Delhi,2021-03-25,-26.0,4.0,-22.0,-12.0,-21.0,6.0
IN,India,Delhi,2021-03-26,-25.0,8.0,-23.0,-12.0,-20.0,6.0
IN,India,Delhi,2021-03-27,-27.0,3.0,-26.0,-9.0,-14.0,4.0
IN,India,Delhi,2021-03-28,-36.0,-4.0,-36.0,-22.0,-14.0,6.0
IN,India,Delhi,2021-03-29,-65.0,-53.0,-53.0,-67.0,-84.0,27.0
IN,India,Delhi,2021-03-30,-35.0,-7.0,-29.0,-24.0,-31.0,8.0
IN,India,Delhi,2021-03-31,-31.0,-1.0,-26.0,-18.0,-24.0,6.0
IN,India,Delhi,2021-04-01,-28.0,1.0,-24.0,-17.0,-23.0,7.0
IN,India,Delhi,2021-04-02,-28.0,7.0,-24.0,-23.0,-36.0,10.0
IN,India,Delhi,2021-04-03,-29.0,1.0,-27.0,-13.0,-13.0,5.0
IN,India,Delhi,2021-04-04,-29.0,1.0,-28.0,-9.0,-9.0,4.0
IN,India,Delhi,2021-04-05,-29.0,3.0,-21.0,-15.0,-23.0,7.0
IN,India,Delhi,2021-04-06,-31.0,1.0,-23.0,-16.0,-23.0,7.0
IN,India,Delhi,2021-04-07,-33.0,2.0,-26.0,-17.0,-23.0,8.0
IN,India,Delhi,2021-04-08,-32.0,2.0,-26.0,-19.0,-22.0,8.0
IN,India,Delhi,2021-04-09,-32.0,4.0,-28.0,-19.0,-22.0,9.0
IN,India,Delhi,2021-04-10,-33.0,-1.0,-30.0,-19.0,-20.0,8.0
IN,India,Delhi,2021-04-11,-33.0,0.0,-32.0,-15.0,-11.0,6.0
IN,India,Delhi,2021-04-12,-31.0,5.0,-25.0,-21.0,-27.0,9.0
IN,India,Delhi,2021-04-13,-38.0,-3.0,-31.0,-26.0,-31.0,11.0
IN,India,Delhi,2021-04-14,-42.0,-6.0,-35.0,-33.0,-41.0,14.0
IN,India,Delhi,2021-04-15,-40.0,-5.0,-37.0,-31.0,-32.0,13.0
IN,India,Delhi,2021-04-16,-43.0,-2.0,-42.0,-31.0,-34.0,13.0
IN,India,Delhi,2021-04-17,-83.0,-65.0,-75.0,-69.0,-70.0,28.0
IN,India,Delhi,2021-04-18,-83.0,-64.0,-76.0,-68.0,-63.0,22.0
IN,India,Delhi,2021-04-19,-34.0,20.0,-36.0,-27.0,-39.0,12.0
IN,India,Delhi,2021-04-20,-78.0,-53.0,-69.0,-67.0,-73.0,28.0
IN,India,Delhi,2021-04-21,-77.0,-50.0,-68.0,-69.0,-75.0,29.0
IN,India,Delhi,2021-04-22,-76.0,-48.0,-68.0,-67.0,-71.0,28.0
IN,India,Delhi,2021-04-23,-76.0,-46.0,-68.0,-67.0,-71.0,29.0
IN,India,Delhi,2021-04-24,-79.0,-53.0,-71.0,-68.0,-69.0,26.0
IN,India,Delhi,2021-04-25,-79.0,-55.0,-73.0,-66.0,-59.0,19.0
IN,India,Delhi,2021-04-26,-74.0,-44.0,-66.0,-66.0,-70.0,26.0
IN,India,Delhi,2021-04-27,-75.0,-47.0,-67.0,-67.0,-72.0,27.0
IN,India,Delhi,2021-04-28,-75.0,-46.0,-67.0,-67.0,-72.0,26.0
IN,India,Delhi,2021-04-29,-76.0,-49.0,-69.0,-69.0,-72.0,28.0
IN,India,Delhi,2021-04-30,-75.0,-45.0,-68.0,-67.0,-72.0,28.0
IN,India,Delhi,2021-05-01,-78.0,-52.0,-72.0,-69.0,-70.0,26.0
IN,India,Delhi,2021-05-02,-79.0,-54.0,-73.0,-67.0,-59.0,19.0
IN,India,Delhi,2021-05-03,-75.0,-46.0,-67.0,-69.0,-72.0,27.0
IN,India,Delhi,2021-05-04,-75.0,-48.0,-67.0,-69.0,-73.0,28.0
IN,India,Delhi,2021-05-05,-76.0,-48.0,-68.0,-69.0,-73.0,28.0
IN,India,Delhi,2021-05-06,-77.0,-53.0,-72.0,-71.0,-73.0,29.0
IN,India,Delhi,2021-05-07,-75.0,-46.0,-68.0,-70.0,-72.0,28.0
IN,India,Delhi,2021-05-08,-78.0,-53.0,-71.0,-70.0,-67.0,26.0
IN,India,Delhi,2021-05-09,-78.0,-55.0,-73.0,-68.0,-56.0,19.0
IN,India,Delhi,2021-05-10,-75.0,-47.0,-67.0,-71.0,-70.0,27.0
IN,India,Delhi,2021-05-11,-75.0,-49.0,-67.0,-71.0,-71.0,27.0
IN,India,Delhi,2021-05-12,-75.0,-46.0,-67.0,-70.0,-71.0,27.0
IN,India,Delhi,2021-05-13,-74.0,-47.0,-67.0,-71.0,-71.0,28.0
IN,India,Delhi,2021-05-14,-76.0,-50.0,-68.0,-73.0,-76.0,30.0
IN,India,Delhi,2021-05-15,-76.0,-51.0,-69.0,-70.0,-65.0,24.0
IN,India,Delhi,2021-05-16,-77.0,-54.0,-70.0,-67.0,-54.0,18.0
IN,India,Delhi,2021-05-17,-73.0,-45.0,-63.0,-69.0,-67.0,25.0
IN,India,Delhi,2021-05-18,-73.0,-47.0,-63.0,-69.0,-68.0,26.0
IN,India,Delhi,2021-05-19,-82.0,-66.0,-79.0,-76.0,-71.0,28.0
IN,India,Delhi,2021-05-20,-70.0,-42.0,-66.0,-70.0,-68.0,26.0
IN,India,Delhi,2021-05-21,-71.0,-44.0,-69.0,-70.0,-68.0,27.0
IN,India,Delhi,2021-05-22,-73.0,-48.0,-69.0,-68.0,-62.0,23.0
IN,India,Delhi,2021-05-23,-74.0,-50.0,-70.0,-65.0,-50.0,17.0
IN,India,Delhi,2021-05-24,-69.0,-42.0,-63.0,-67.0,-64.0,24.0
IN,India,Delhi,2021-05-25,-69.0,-44.0,-63.0,-67.0,-65.0,25.0
IN,India,Delhi,2021-05-26,-71.0,-45.0,-64.0,-69.0,-70.0,26.0
IN,India,Delhi,2021-05-27,-68.0,-42.0,-64.0,-67.0,-64.0,25.0
IN,India,Delhi,2021-05-28,-68.0,-39.0,-62.0,-66.0,-63.0,25.0
IN,India,Delhi,2021-05-29,-70.0,-44.0,-65.0,-64.0,-57.0,21.0
IN,India,Delhi,2021-05-30,-70.0,-46.0,-66.0,-62.0,-47.0,16.0
IN,India,Delhi,2021-05-31,-63.0,-34.0,-57.0,-62.0,-58.0,21.0
IN,India,Delhi,2021-06-01,-61.0,-33.0,-55.0,-60.0,-58.0,21.0
IN,India,Delhi,2021-06-02,-61.0,-31.0,-55.0,-59.0,-57.0,21.0
IN,India,Delhi,2021-06-03,-61.0,-33.0,-56.0,-60.0,-57.0,22.0
IN,India,Delhi,2021-06-04,-63.0,-36.0,-60.0,-60.0,-55.0,22.0
IN,India,Delhi,2021-06-05,-63.0,-35.0,-59.0,-57.0,-49.0,18.0
IN,India,Delhi,2021-06-06,-65.0,-38.0,-60.0,-54.0,-41.0,13.0
IN,India,Delhi,2021-06-07,-45.0,-15.0,-49.0,-48.0,-45.0,15.0
IN,India,Delhi,2021-06-08,-45.0,-14.0,-47.0,-46.0,-46.0,15.0
IN,India,Delhi,2021-06-09,-43.0,-10.0,-47.0,-44.0,-45.0,15.0
IN,India,Delhi,2021-06-10,-43.0,-12.0,-48.0,-44.0,-44.0,15.0
IN,India,Delhi,2021-06-11,-41.0,-6.0,-47.0,-42.0,-43.0,15.0
IN,India,Delhi,2021-06-12,-44.0,-11.0,-49.0,-39.0,-39.0,12.0
IN,India,Delhi,2021-06-13,-43.0,-10.0,-49.0,-35.0,-29.0,8.0
IN,India,Delhi,2021-06-14,-37.0,-5.0,-42.0,-38.0,-42.0,12.0
IN,India,Delhi,2021-06-15,-37.0,-5.0,-41.0,-37.0,-42.0,12.0
IN,India,Delhi,2021-06-16,-36.0,-2.0,-41.0,-35.0,-42.0,12.0
IN,India,Delhi,2021-06-17,-36.0,-5.0,-43.0,-36.0,-42.0,12.0
IN,India,Delhi,2021-06-18,-36.0,-1.0,-42.0,-36.0,-41.0,12.0
IN,India,Delhi,2021-06-19,-38.0,-7.0,-46.0,-31.0,-33.0,9.0
IN,India,Delhi,2021-06-20,-37.0,-6.0,-46.0,-29.0,-29.0,6.0
IN,India,Delhi,2021-06-21,-37.0,-6.0,-39.0,-35.0,-43.0,11.0
IN,India,Delhi,2021-06-22,-35.0,-5.0,-37.0,-34.0,-42.0,11.0
IN,India,Delhi,2021-06-23,-35.0,-3.0,-38.0,-32.0,-42.0,11.0
IN,India,Delhi,2021-06-24,-34.0,-4.0,-38.0,-33.0,-41.0,11.0
IN,India,Delhi,2021-06-25,-34.0,-2.0,-40.0,-32.0,-40.0,11.0
IN,India,Delhi,2021-06-26,-36.0,-6.0,-43.0,-28.0,-34.0,9.0
IN,India,Delhi,2021-06-27,-35.0,-4.0,-43.0,-25.0,-26.0,6.0
IN,India,Delhi,2021-06-28,-32.0,-1.0,-35.0,-30.0,-41.0,10.0
IN,India,Delhi,2021-06-29,-33.0,-3.0,-36.0,-30.0,-42.0,10.0
IN,India,Delhi,2021-06-30,-33.0,-2.0,-38.0,-30.0,-41.0,9.0
IN,India,Delhi,2021-07-01,-31.0,0.0,-37.0,-29.0,-40.0,10.0
IN,India,Delhi,2021-07-02,-33.0,-2.0,-41.0,-28.0,-39.0,11.0
IN,India,Delhi,2021-07-03,-31.0,0.0,-42.0,-22.0,-30.0,8.0
IN,India,Delhi,2021-07-04,-30.0,2.0,-41.0,-19.0,-25.0,6.0
IN,India,Delhi,2021-07-05,-28.0,4.0,-32.0,-25.0,-38.0,9.0
IN,India,Delhi,2021-07-06,-29.0,3.0,-32.0,-25.0,-37.0,10.0
IN,India,Delhi,2021-07-07,-29.0,4.0,-34.0,-25.0,-37.0,9.0
IN,India,Delhi,2021-07-08,-29.0,3.0,-35.0,-26.0,-36.0,10.0
IN,India,Delhi,2021-07-09,-28.0,7.0,-35.0,-24.0,-35.0,10.0
IN,India,Delhi,2021-07-10,-29.0,2.0,-39.0,-21.0,-31.0,8.0
IN,India,Delhi,2021-07-11,-29.0,3.0,-39.0,-15.0,-22.0,5.0
IN,India,Delhi,2021-07-12,-26.0,6.0,-30.0,-21.0,-36.0,9.0
IN,India,Delhi,2021-07-13,-29.0,1.0,-33.0,-21.0,-38.0,10.0
IN,India,Delhi,2021-07-14,-33.0,-4.0,-40.0,-24.0,-36.0,10.0
IN,India,Delhi,2021-07-15,-24.0,8.0,-33.0,-21.0,-34.0,9.0
IN,India,Delhi,2021-07-16,-26.0,10.0,-33.0,-22.0,-32.0,9.0
IN,India,Delhi,2021-07-17,-28.0,3.0,-38.0,-17.0,-24.0,7.0
IN,India,Delhi,2021-07-18,-28.0,2.0,-39.0,-14.0,-20.0,5.0
IN,India,Delhi,2021-07-19,-42.0,-19.0,-54.0,-36.0,-45.0,16.0
IN,India,Delhi,2021-07-20,-31.0,-2.0,-40.0,-20.0,-33.0,9.0
IN,India,Delhi,2021-07-21,-29.0,6.0,-35.0,-30.0,-48.0,13.0
IN,India,Delhi,2021-07-22,-26.0,6.0,-33.0,-23.0,-33.0,9.0
IN,India,Delhi,2021-07-23,-27.0,8.0,-34.0,-23.0,-30.0,9.0
IN,India,Delhi,2021-07-24,-29.0,1.0,-39.0,-21.0,-24.0,7.0
IN,India,Delhi,2021-07-25,-29.0,0.0,-41.0,-18.0,-16.0,5.0
IN,India,Delhi,2021-07-26,-29.0,3.0,-32.0,-24.0,-30.0,9.0
IN,India,Delhi,2021-07-27,-33.0,-8.0,-45.0,-26.0,-33.0,11.0
IN,India,Delhi,2021-07-28,-37.0,-10.0,-49.0,-31.0,-32.0,12.0
IN,India,Delhi,2021-07-29,-28.0,2.0,-39.0,-23.0,-28.0,10.0
IN,India,Delhi,2021-07-30,-28.0,5.0,-40.0,-23.0,-27.0,10.0
IN,India,Delhi,2021-07-31,-24.0,8.0,-39.0,-16.0,-17.0,7.0
IN,India,Delhi,2021-08-01,-25.0,3.0,-46.0,-14.0,-18.0,7.0
IN,India,Delhi,2021-08-02,-27.0,5.0,-36.0,-20.0,-29.0,9.0
IN,India,Delhi,2021-08-03,-22.0,11.0,-32.0,-18.0,-29.0,9.0
IN,India,Delhi,2021-08-04,-24.0,10.0,-33.0,-19.0,-28.0,9.0
IN,India,Delhi,2021-08-05,-23.0,9.0,-34.0,-20.0,-27.0,9.0
IN,India,Delhi,2021-08-06,-25.0,10.0,-36.0,-20.0,-26.0,9.0
IN,India,Delhi,2021-08-07,-25.0,6.0,-38.0,-13.0,-17.0,7.0
IN,India,Delhi,2021-08-08,-29.0,-1.0,-46.0,-13.0,-15.0,6.0
IN,India,Delhi,2021-08-09,-22.0,12.0,-31.0,-18.0,-27.0,9.0
IN,India,Delhi,2021-08-10,-20.0,14.0,-29.0,-16.0,-27.0,8.0
IN,India,Delhi,2021-08-11,-22.0,13.0,-30.0,-17.0,-27.0,8.0
IN,India,Delhi,2021-08-12,-21.0,11.0,-32.0,-19.0,-26.0,9.0
IN,India,Delhi,2021-08-13,-22.0,15.0,-32.0,-17.0,-25.0,9.0
IN,India,Delhi,2021-08-14,-21.0,12.0,-36.0,-16.0,-22.0,7.0
IN,India,Delhi,2021-08-15,-41.0,-17.0,-42.0,-30.0,-46.0,10.0
IN,India,Delhi,2021-08-16,-24.0,11.0,-31.0,-18.0,-27.0,8.0
IN,India,Delhi,2021-08-17,-21.0,13.0,-28.0,-16.0,-26.0,8.0
IN,India,Delhi,2021-08-18,-22.0,13.0,-31.0,-17.0,-23.0,8.0
IN,India,Delhi,2021-08-19,-19.0,14.0,-30.0,-18.0,-24.0,8.0
IN,India,Delhi,2021-08-20,-21.0,16.0,-33.0,-22.0,-35.0,11.0
IN,India,Delhi,2021-08-21,-22.0,11.0,-44.0,-10.0,-22.0,7.0
IN,India,Delhi,2021-08-22,-27.0,0.0,-37.0,-2.0,-37.0,1.0
IN,India,Delhi,2021-08-23,-25.0,4.0,-33.0,-19.0,-28.0,7.0
IN,India,Delhi,2021-08-24,-24.0,6.0,-31.0,-18.0,-26.0,7.0
IN,India,Delhi,2021-08-25,-23.0,9.0,-31.0,-18.0,-24.0,7.0
IN,India,Delhi,2021-08-26,-22.0,9.0,-31.0,-19.0,-23.0,8.0
IN,India,Delhi,2021-08-27,-22.0,12.0,-31.0,-18.0,-21.0,8.0
IN,India,Delhi,2021-08-28,-24.0,6.0,-35.0,-13.0,-14.0,6.0
IN,India,Delhi,2021-08-29,-22.0,8.0,-35.0,-9.0,-7.0,4.0
IN,India,Delhi,2021-08-30,-20.0,13.0,-23.0,-27.0,-45.0,13.0
IN,India,Delhi,2021-08-31,-31.0,-7.0,-38.0,-20.0,-27.0,10.0
IN,India,Delhi,2021-09-01,-32.0,-5.0,-45.0,-24.0,-33.0,13.0
IN,India,Delhi,2021-09-02,-21.0,9.0,-35.0,-16.0,-23.0,9.0
IN,India,Delhi,2021-09-03,-20.0,14.0,-33.0,-15.0,-20.0,8.0
IN,India,Delhi,2021-09-04,-22.0,9.0,-36.0,-12.0,-10.0,6.0
IN,India,Delhi,2021-09-05,-21.0,9.0,-34.0,-8.0,-7.0,5.0
IN,India,Delhi,2021-09-06,-20.0,12.0,-27.0,-15.0,-22.0,7.0
IN,India,Delhi,2021-09-07,-21.0,8.0,-29.0,-15.0,-22.0,7.0
IN,India,Delhi,2021-09-08,-18.0,18.0,-26.0,-13.0,-21.0,7.0
IN,India,Delhi,2021-09-09,-18.0,15.0,-28.0,-15.0,-21.0,7.0
IN,India,Delhi,2021-09-10,-19.0,14.0,-31.0,-16.0,-22.0,8.0
IN,India,Delhi,2021-09-11,-37.0,-15.0,-54.0,-26.0,-27.0,12.0
IN,India,Delhi,2021-09-12,-23.0,7.0,-40.0,-8.0,-7.0,4.0
IN,India,Delhi,2021-09-13,-20.0,12.0,-29.0,-13.0,-22.0,7.0
IN,India,Delhi,2021-09-14,-17.0,16.0,-24.0,-12.0,-22.0,7.0
IN,India,Delhi,2021-09-15,-18.0,17.0,-26.0,-12.0,-22.0,6.0
IN,India,Delhi,2021-09-16,-22.0,6.0,-34.0,-16.0,-23.0,8.0
IN,India,Delhi,2021-09-17,-16.0,21.0,-26.0,-11.0,-21.0,8.0
IN,India,Delhi,2021-09-18,-18.0,14.0,-30.0,-7.0,-11.0,5.0
IN,India,Delhi,2021-09-19,-18.0,14.0,-29.0,-5.0,-8.0,4.0
IN,India,Delhi,2021-09-20,-18.0,14.0,-24.0,-13.0,-21.0,7.0
IN,India,Delhi,2021-09-21,-20.0,10.0,-26.0,-13.0,-21.0,7.0
IN,India,Delhi,2021-09-22,-20.0,13.0,-27.0,-13.0,-19.0,7.0
IN,India,Delhi,2021-09-23,-19.0,11.0,-27.0,-14.0,-18.0,8.0
IN,India,Delhi,2021-09-24,-19.0,14.0,-29.0,-13.0,-18.0,8.0
IN,India,Delhi,2021-09-25,-20.0,10.0,-31.0,-7.0,-11.0,6.0
IN,India,Delhi,2021-09-26,-19.0,13.0,-29.0,-4.0,-3.0,4.0
IN,India,Delhi,2021-09-27,-19.0,13.0,-24.0,-14.0,-19.0,7.0
IN,India,Delhi,2021-09-28,-17.0,14.0,-22.0,-10.0,-19.0,7.0
IN,India,Delhi,2021-09-29,-19.0,14.0,-25.0,-11.0,-19.0,7.0
IN,India,Delhi,2021-09-30,-17.0,14.0,-25.0,-11.0,-17.0,7.0
IN,India,Delhi,2021-10-01,-15.0,21.0,-26.0,-6.0,-18.0,6.0
IN,India,Delhi,2021-10-02,-29.0,0.0,-29.0,-23.0,-56.0,13.0
IN,India,Delhi,2021-10-03,-18.0,15.0,-30.0,-3.0,-3.0,3.0
IN,India,Delhi,2021-10-04,-16.0,18.0,-22.0,-7.0,-18.0,6.0
IN,India,Delhi,2021-10-05,-15.0,19.0,-22.0,-8.0,-19.0,6.0
IN,India,Delhi,2021-10-06,-12.0,29.0,-20.0,-6.0,-18.0,6.0
IN,India,Delhi,2021-10-07,-19.0,16.0,-27.0,-12.0,-18.0,8.0
IN,India,Delhi,2021-10-08,-17.0,20.0,-25.0,-9.0,-16.0,7.0
IN,India,Delhi,2021-10-09,-17.0,17.0,-28.0,-4.0,-13.0,5.0
IN,India,Delhi,2021-10-10,-16.0,20.0,-28.0,3.0,-2.0,3.0
IN,India,Delhi,2021-10-11,-15.0,20.0,-21.0,-7.0,-18.0,6.0
IN,India,Delhi,2021-10-12,-13.0,25.0,-19.0,-6.0,-20.0,6.0
IN,India,Delhi,2021-10-13,-16.0,23.0,-22.0,-9.0,-21.0,6.0
IN,India,Delhi,2021-10-14,-10.0,23.0,-20.0,-7.0,-24.0,6.0
IN,India,Delhi,2021-10-15,-8.0,29.0,-16.0,-22.0,-55.0,14.0
IN,India,Delhi,2021-10-16,-17.0,16.0,-28.0,-5.0,-12.0,4.0
IN,India,Delhi,2021-10-17,-22.0,8.0,-38.0,-2.0,-4.0,3.0
IN,India,Delhi,2021-10-18,-15.0,18.0,-28.0,-8.0,-22.0,6.0
IN,India,Delhi,2021-10-19,-12.0,25.0,-19.0,-10.0,-31.0,8.0
IN,India,Delhi,2021-10-20,-14.0,24.0,-22.0,-7.0,-23.0,6.0
IN,India,Delhi,2021-10-21,-11.0,25.0,-21.0,-5.0,-17.0,6.0
IN,India,Delhi,2021-10-22,-10.0,31.0,-22.0,-4.0,-15.0,6.0
IN,India,Delhi,2021-10-23,-10.0,29.0,-25.0,0.0,-8.0,4.0
IN,India,Delhi,2021-10-24,-28.0,2.0,-41.0,-12.0,-4.0,7.0
IN,India,Delhi,2021-10-25,-13.0,22.0,-23.0,-7.0,-17.0,7.0
IN,India,Delhi,2021-10-26,-12.0,25.0,-19.0,-4.0,-16.0,6.0
IN,India,Delhi,2021-10-27,-11.0,29.0,-20.0,-4.0,-16.0,6.0
IN,India,Delhi,2021-10-28,-12.0,24.0,-23.0,-7.0,-15.0,7.0
IN,India,Delhi,2021-10-29,-11.0,31.0,-23.0,-4.0,-13.0,6.0
IN,India,Delhi,2021-10-30,-12.0,27.0,-26.0,4.0,-3.0,4.0
IN,India,Delhi,2021-10-31,-9.0,35.0,-26.0,9.0,6.0,2.0
IN,India,Delhi,2021-11-01,-4.0,40.0,-18.0,-1.0,-16.0,5.0
IN,India,Delhi,2021-11-02,4.0,58.0,-14.0,3.0,-17.0,5.0
IN,India,Delhi,2021-11-03,0.0,51.0,-19.0,-2.0,-22.0,7.0
IN,India,Delhi,2021-11-04,-16.0,31.0,-27.0,-34.0,-62.0,20.0
IN,India,Delhi,2021-11-05,-21.0,16.0,-32.0,-29.0,-58.0,17.0
IN,India,Delhi,2021-11-06,-20.0,11.0,-32.0,-11.0,-45.0,6.0
IN,India,Delhi,2021-11-07,-20.0,14.0,-32.0,2.0,-10.0,1.0
IN,India,Delhi,2021-11-08,-15.0,20.0,-22.0,-4.0,-20.0,5.0
IN,India,Delhi,2021-11-09,-13.0,23.0,-20.0,-4.0,-20.0,5.0
IN,India,Delhi,2021-11-10,-14.0,24.0,-15.0,-9.0,-27.0,7.0
IN,India,Delhi,2021-11-11,-13.0,21.0,-19.0,-6.0,-20.0,6.0
IN,India,Delhi,2021-11-12,-14.0,25.0,-24.0,-4.0,-18.0,6.0
IN,India,Delhi,2021-11-13,-15.0,20.0,-27.0,0.0,-16.0,4.0
IN,India,Delhi,2021-11-14,-13.0,23.0,-26.0,10.0,-6.0,2.0
IN,India,Delhi,2021-11-15,-13.0,21.0,-20.0,-4.0,-23.0,5.0
IN,India,Delhi,2021-11-16,-11.0,22.0,-18.0,-4.0,-23.0,6.0
IN,India,Delhi,2021-11-17,-14.0,23.0,-22.0,-4.0,-22.0,6.0
IN,India,Delhi,2021-11-18,-12.0,21.0,-22.0,-4.0,-21.0,6.0
IN,India,Delhi,2021-11-19,-12.0,23.0,-21.0,-12.0,-38.0,9.0
IN,India,Delhi,2021-11-20,-16.0,16.0,-27.0,0.0,-13.0,4.0
IN,India,Delhi,2021-11-21,-14.0,19.0,-24.0,8.0,-8.0,1.0
IN,India,Delhi,2021-11-22,-13.0,19.0,-18.0,-4.0,-22.0,5.0
IN,India,Delhi,2021-11-23,-12.0,20.0,-18.0,-4.0,-21.0,6.0
IN,India,Delhi,2021-11-24,-14.0,21.0,-19.0,-4.0,-21.0,6.0
IN,India,Delhi,2021-11-25,-11.0,21.0,-20.0,-4.0,-20.0,6.0
IN,India,Delhi,2021-11-26,-12.0,23.0,-21.0,-3.0,-19.0,6.0
IN,India,Delhi,2021-11-27,-15.0,16.0,-24.0,1.0,-13.0,4.0
IN,India,Delhi,2021-11-28,-14.0,20.0,-23.0,8.0,-5.0,2.0
IN,India,Delhi,2021-11-29,-12.0,19.0,-17.0,-2.0,-20.0,4.0
IN,India,Delhi,2021-11-30,-11.0,21.0,-16.0,-1.0,-19.0,5.0
IN,India,Delhi,2021-12-01,-13.0,22.0,-20.0,-2.0,-19.0,5.0
IN,India,Delhi,2021-12-02,-17.0,10.0,-30.0,-7.0,-19.0,7.0
IN,India,Delhi,2021-12-03,-12.0,26.0,-23.0,-3.0,-16.0,7.0
IN,India,Delhi,2021-12-04,-14.0,20.0,-24.0,2.0,-8.0,4.0
IN,India,Delhi,2021-12-05,-13.0,23.0,-24.0,7.0,-4.0,3.0
IN,India,Delhi,2021-12-06,-11.0,22.0,-16.0,-3.0,-19.0,5.0
IN,India,Delhi,2021-12-07,-11.0,22.0,-15.0,-2.0,-17.0,5.0
IN,India,Delhi,2021-12-08,-11.0,24.0,-17.0,-2.0,-16.0,5.0
IN,India,Delhi,2021-12-09,-11.0,21.0,-19.0,-4.0,-14.0,6.0
IN,India,Delhi,2021-12-10,-12.0,24.0,-20.0,-3.0,-13.0,6.0
IN,India,Delhi,2021-12-11,-14.0,18.0,-22.0,1.0,-11.0,4.0
IN,India,Delhi,2021-12-12,-14.0,20.0,-22.0,7.0,-1.0,2.0
IN,India,Delhi,2021-12-13,-14.0,19.0,-18.0,-3.0,-16.0,5.0
IN,India,Delhi,2021-12-14,-14.0,19.0,-19.0,-4.0,-14.0,6.0
IN,India,Delhi,2021-12-15,-14.0,22.0,-19.0,-3.0,-13.0,6.0
IN,India,Delhi,2021-12-16,-12.0,18.0,-22.0,-5.0,-13.0,7.0
IN,India,Delhi,2021-12-17,-13.0,21.0,-22.0,-5.0,-11.0,7.0
IN,India,Delhi,2021-12-18,-15.0,15.0,-27.0,1.0,-2.0,5.0
IN,India,Delhi,2021-12-19,-13.0,21.0,-24.0,6.0,2.0,3.0
IN,India,Delhi,2021-12-20,-13.0,20.0,-18.0,-3.0,-12.0,7.0
IN,India,Delhi,2021-12-21,-12.0,21.0,-18.0,-3.0,-12.0,7.0
IN,India,Delhi,2021-12-22,-13.0,23.0,-19.0,-2.0,-11.0,6.0
IN,India,Delhi,2021-12-23,-11.0,22.0,-20.0,-2.0,-11.0,7.0
IN,India,Delhi,2021-12-24,-8.0,27.0,-19.0,-1.0,-12.0,7.0
IN,India,Delhi,2021-12-25,-8.0,17.0,-22.0,-1.0,-20.0,7.0
IN,India,Delhi,2021-12-26,-22.0,6.0,-32.0,0.0,4.0,4.0
IN,India,Delhi,2021-12-27,-14.0,19.0,-17.0,-5.0,-14.0,7.0
IN,India,Delhi,2021-12-28,-21.0,7.0,-29.0,-8.0,-14.0,8.0
IN,India,Delhi,2021-12-29,-18.0,19.0,-19.0,-2.0,-15.0,8.0
IN,India,Delhi,2021-12-30,-19.0,16.0,-22.0,-7.0,-17.0,9.0
IN,India,Delhi,2021-12-31,-11.0,31.0,-20.0,-6.0,-17.0,8.0
IN,India,Delhi,2022-01-01,-23.0,6.0,-25.0,-13.0,-22.0,9.0
IN,India,Delhi,2022-01-02,-28.0,8.0,-29.0,-5.0,-2.0,6.0
IN,India,Delhi,2022-01-03,-23.0,12.0,-21.0,-7.0,-17.0,9.0
IN,India,Delhi,2022-01-04,-24.0,12.0,-23.0,-12.0,-18.0,10.0
IN,India,Delhi,2022-01-05,-41.0,-14.0,-50.0,-27.0,-23.0,14.0
IN,India,Delhi,2022-01-06,-26.0,12.0,-32.0,-18.0,-20.0,12.0
IN,India,Delhi,2022-01-07,-24.0,22.0,-30.0,-15.0,-20.0,11.0
IN,India,Delhi,2022-01-08,-76.0,-56.0,-73.0,-61.0,-63.0,26.0
IN,India,Delhi,2022-01-09,-72.0,-48.0,-69.0,-55.0,-46.0,18.0
IN,India,Delhi,2022-01-10,-25.0,15.0,-30.0,-19.0,-20.0,11.0
IN,India,Delhi,2022-01-11,-28.0,11.0,-29.0,-21.0,-24.0,12.0
IN,India,Delhi,2022-01-12,-31.0,11.0,-32.0,-23.0,-28.0,13.0
IN,India,Delhi,2022-01-13,-30.0,10.0,-34.0,-26.0,-29.0,14.0
IN,India,Delhi,2022-01-14,-33.0,7.0,-37.0,-27.0,-30.0,14.0
IN,India,Delhi,2022-01-15,-68.0,-43.0,-60.0,-52.0,-50.0,21.0
IN,India,Delhi,2022-01-16,-67.0,-42.0,-56.0,-49.0,-40.0,15.0
IN,India,Delhi,2022-01-17,-28.0,9.0,-30.0,-22.0,-24.0,11.0
IN,India,Delhi,2022-01-18,-30.0,5.0,-31.0,-24.0,-26.0,13.0
IN,India,Delhi,2022-01-19,-29.0,9.0,-30.0,-24.0,-25.0,12.0
IN,India,Delhi,2022-01-20,-28.0,7.0,-31.0,-25.0,-25.0,13.0
IN,India,Delhi,2022-01-21,-26.0,14.0,-29.0,-20.0,-23.0,12.0
IN,India,Delhi,2022-01-22,-66.0,-44.0,-62.0,-51.0,-50.0,20.0
IN,India,Delhi,2022-01-23,-63.0,-37.0,-55.0,-45.0,-36.0,13.0
IN,India,Delhi,2022-01-24,-24.0,12.0,-28.0,-19.0,-20.0,10.0
IN,India,Delhi,2022-01-25,-25.0,10.0,-30.0,-21.0,-23.0,11.0
IN,India,Delhi,2022-01-26,-41.0,-11.0,-29.0,-45.0,-72.0,22.0
IN,India,Delhi,2022-01-27,-25.0,11.0,-26.0,-20.0,-20.0,10.0
IN,India,Delhi,2022-01-28,-24.0,14.0,-25.0,-19.0,-18.0,10.0
IN,India,Delhi,2022-01-29,-28.0,5.0,-30.0,-17.0,-6.0,8.0
IN,India,Delhi,2022-01-30,-26.0,8.0,-27.0,-14.0,5.0,5.0
IN,India,Delhi,2022-01-31,-21.0,12.0,-21.0,-16.0,-17.0,8.0
IN,India,Delhi,2022-02-01,-20.0,14.0,-19.0,-15.0,-17.0,9.0
IN,India,Delhi,2022-02-02,-20.0,18.0,-20.0,-13.0,-16.0,8.0
IN,India,Delhi,2022-02-03,-28.0,0.0,-39.0,-20.0,-18.0,11.0
IN,India,Delhi,2022-02-04,-19.0,19.0,-25.0,-13.0,-16.0,9.0
IN,India,Delhi,2022-02-05,-22.0,9.0,-26.0,-7.0,-7.0,5.0
IN,India,Delhi,2022-02-06,-20.0,13.0,-22.0,-3.0,1.0,3.0
IN,India,Delhi,2022-02-07,-17.0,16.0,-15.0,-8.0,-16.0,6.0
IN,India,Delhi,2022-02-08,-16.0,16.0,-16.0,-7.0,-15.0,7.0
IN,India,Delhi,2022-02-09,-17.0,16.0,-21.0,-7.0,-15.0,7.0
IN,India,Delhi,2022-02-10,-12.0,19.0,-14.0,-7.0,-18.0,7.0
IN,India,Delhi,2022-02-11,-16.0,20.0,-17.0,-5.0,-13.0,6.0
IN,India,Delhi,2022-02-12,-17.0,15.0,-20.0,-2.0,-9.0,5.0
IN,India,Delhi,2022-02-13,-14.0,19.0,-17.0,5.0,4.0,3.0
IN,India,Delhi,2022-02-14,-6.0,23.0,-8.0,1.0,-14.0,5.0
IN,India,Delhi,2022-02-15,-12.0,21.0,-10.0,0.0,-13.0,5.0
IN,India,Delhi,2022-02-16,-13.0,20.0,-11.0,-1.0,-18.0,6.0
IN,India,Delhi,2022-02-17,-13.0,18.0,-12.0,1.0,-13.0,5.0
IN,India,Delhi,2022-02-18,-12.0,21.0,-10.0,2.0,-13.0,4.0
IN,India,Delhi,2022-02-19,-16.0,13.0,-18.0,3.0,-3.0,3.0
IN,India,Delhi,2022-02-20,-15.0,16.0,-15.0,9.0,3.0,2.0
IN,India,Delhi,2022-02-21,-13.0,17.0,-9.0,3.0,-13.0,4.0
IN,India,Delhi,2022-02-22,-13.0,18.0,-8.0,2.0,-12.0,5.0
IN,India,Delhi,2022-02-23,-16.0,17.0,-13.0,2.0,-10.0,5.0
IN,India,Delhi,2022-02-24,-16.0,15.0,-14.0,1.0,-9.0,6.0
IN,India,Delhi,2022-02-25,-17.0,15.0,-17.0,1.0,-8.0,6.0
IN,India,Delhi,2022-02-26,-18.0,12.0,-19.0,4.0,-1.0,4.0
IN,India,Delhi,2022-02-27,-16.0,16.0,-16.0,9.0,9.0,3.0
IN,India,Delhi,2022-02-28,-12.0,21.0,-8.0,4.0,-11.0,4.0
IN,India,Delhi,2022-03-01,-16.0,17.0,-8.0,-11.0,-32.0,11.0
IN,India,Delhi,2022-03-02,-18.0,16.0,-12.0,3.0,-10.0,5.0
IN,India,Delhi,2022-03-03,-16.0,15.0,-13.0,0.0,-9.0,5.0
IN,India,Delhi,2022-03-04,-16.0,17.0,-13.0,1.0,-9.0,5.0
IN,India,Delhi,2022-03-05,-18.0,12.0,-18.0,5.0,3.0,3.0
IN,India,Delhi,2022-03-06,-18.0,15.0,-18.0,8.0,6.0,3.0
IN,India,Delhi,2022-03-07,-17.0,15.0,-11.0,2.0,-9.0,5.0
IN,India,Delhi,2022-03-08,-16.0,14.0,-10.0,3.0,-8.0,5.0
IN,India,Delhi,2022-03-09,-19.0,14.0,-15.0,2.0,-8.0,5.0
IN,India,Delhi,2022-03-10,-20.0,9.0,-18.0,-1.0,-7.0,6.0
IN,India,Delhi,2022-03-11,-20.0,13.0,-18.0,1.0,-5.0,6.0
IN,India,Delhi,2022-03-12,-21.0,9.0,-21.0,3.0,-4.0,5.0
IN,India,Delhi,2022-03-13,-21.0,11.0,-22.0,9.0,8.0,3.0
IN,India,Delhi,2022-03-14,-20.0,9.0,-16.0,1.0,-7.0,6.0
IN,India,Delhi,2022-03-15,-19.0,10.0,-15.0,3.0,-8.0,5.0
IN,India,Delhi,2022-03-16,-18.0,14.0,-17.0,6.0,-8.0,4.0
IN,India,Delhi,2022-03-17,-19.0,16.0,-21.0,-3.0,-19.0,8.0
IN,India,Delhi,2022-03-18,-57.0,-44.0,-49.0,-56.0,-84.0,27.0
IN,India,Delhi,2022-03-19,-30.0,-4.0,-32.0,-14.0,-20.0,8.0
IN,India,Delhi,2022-03-20,-27.0,0.0,-29.0,2.0,2.0,3.0
IN,India,Delhi,2022-03-21,-23.0,4.0,-18.0,2.0,-10.0,5.0
IN,India,Delhi,2022-03-22,-22.0,7.0,-16.0,2.0,-9.0,5.0
IN,India,Delhi,2022-03-23,-22.0,8.0,-17.0,1.0,-8.0,5.0
IN,India,Delhi,2022-03-24,-21.0,7.0,-18.0,-1.0,-7.0,6.0
IN,India,Delhi,2022-03-25,-20.0,10.0,-18.0,1.0,-6.0,6.0
IN,India,Delhi,2022-03-26,-22.0,6.0,-22.0,4.0,1.0,4.0
IN,India,Delhi,2022-03-27,-21.0,7.0,-24.0,9.0,10.0,2.0
IN,India,Delhi,2022-03-28,-21.0,7.0,-15.0,1.0,-7.0,5.0
IN,India,Delhi,2022-03-29,-20.0,8.0,-15.0,2.0,-7.0,6.0
IN,India,Delhi,2022-03-30,-20.0,11.0,-17.0,2.0,-6.0,5.0
IN,India,Delhi,2022-03-31,-18.0,12.0,-18.0,0.0,-5.0,6.0
IN,India,Delhi,2022-04-01,-15.0,21.0,-16.0,2.0,-5.0,6.0
IN,India,Delhi,2022-04-02,-27.0,8.0,-25.0,0.0,3.0,6.0
IN,India,Delhi,2022-04-03,-24.0,11.0,-27.0,4.0,6.0,5.0
IN,India,Delhi,2022-04-04,-24.0,9.0,-17.0,1.0,-6.0,6.0
IN,India,Delhi,2022-04-05,-21.0,11.0,-13.0,3.0,-6.0,6.0
IN,India,Delhi,2022-04-06,-25.0,10.0,-19.0,1.0,-5.0,6.0
IN,India,Delhi,2022-04-07,-23.0,11.0,-20.0,1.0,-5.0,7.0
IN,India,Delhi,2022-04-08,-23.0,15.0,-20.0,2.0,-3.0,7.0
IN,India,Delhi,2022-04-09,-25.0,9.0,-27.0,0.0,-5.0,7.0
IN,India,Delhi,2022-04-10,-22.0,11.0,-28.0,9.0,3.0,4.0
IN,India,Delhi,2022-04-11,-19.0,14.0,-16.0,6.0,-6.0,5.0
IN,India,Delhi,2022-04-12,-19.0,14.0,-15.0,6.0,-6.0,5.0
IN,India,Delhi,2022-04-13,-19.0,14.0,-18.0,8.0,-6.0,5.0
IN,India,Delhi,2022-04-14,-15.0,11.0,-21.0,-5.0,-28.0,9.0
IN,India,Delhi,2022-04-15,-16.0,15.0,-19.0,-7.0,-29.0,9.0
IN,India,Delhi,2022-04-16,-24.0,6.0,-24.0,3.0,-3.0,4.0
IN,India,Delhi,2022-04-17,-23.0,8.0,-28.0,9.0,3.0,3.0
IN,India,Delhi,2022-04-18,-21.0,9.0,-17.0,7.0,-7.0,5.0
IN,India,Delhi,2022-04-19,-21.0,8.0,-17.0,4.0,-8.0,6.0
